review_id,original_id,page,position_on_page,sentence,option_A_original_version,option_A_original_file,option_B_original_version,option_B_original_file,option_A_sequence,option_B_sequence,option_A_risk,option_B_risk,option_A_sensitivity,option_B_sensitivity
item_001,ex_001,1,1,The penis is part of the male reproductive system.,Version A,gallery.html,Version B,gallery(1).html,genitals [HIGH-RISK] | private [HIGH-RISK] | infrared systems for assistive listening [HIGH-RISK],genitals [HIGH-RISK] | music system [HIGH-RISK],medium,medium,age_appropriate_body_education,age_appropriate_body_education
item_002,ex_002,1,2,The vagina is part of the female reproductive system.,Version A,gallery.html,Version B,gallery(1).html,wash private parts 1 [HIGH-RISK] | part [HIGH-RISK] | female [HIGH-RISK] | music system [HIGH-RISK],wash private parts 1 [HIGH-RISK] | music system [HIGH-RISK],medium,low,age_appropriate_body_education,age_appropriate_body_education
item_003,ex_003,1,3,The uterus is part of the reproductive system.,Version B,gallery(1).html,Version A,gallery.html,uterus 1 [HIGH-RISK] | music system [HIGH-RISK],uterus 1 [HIGH-RISK] | part [HIGH-RISK] | music system [HIGH-RISK],low,low,age_appropriate_body_education,age_appropriate_body_education
item_004,ex_004,1,4,Breasts are body parts and should be discussed respectfully in health class.,Version A,gallery.html,Version B,gallery(1).html,breasts [HIGH-RISK] | parts [HIGH-RISK] | [discussed respectfully] | maths class [HIGH-RISK],breasts [HIGH-RISK] | maths class [HIGH-RISK] | [respectful discussion],low,low,age_appropriate_body_education,age_appropriate_body_education
item_005,ex_005,1,5,Testicles are part of the male reproductive system.,Version A,gallery.html,Version B,gallery(1).html,testicles [HIGH-RISK] | music system [HIGH-RISK],testicles [HIGH-RISK] | music system [HIGH-RISK],low,medium,age_appropriate_body_education,age_appropriate_body_education
item_006,ex_006,1,6,Private body parts should only be discussed in safe and appropriate settings.,Version B,gallery(1).html,Version A,gallery.html,private [HIGH-RISK] | talk [HIGH-RISK] | [safe place],private [HIGH-RISK] | [should only be discussed] | safe [HIGH-RISK] | [appropriate settings],medium,medium,age_appropriate_body_education,age_appropriate_body_education
item_007,ex_007,1,7,A doctor may check private body parts to help keep a person healthy.,Version B,gallery(1).html,Version A,gallery.html,doctor 2 [HIGH-RISK] | private [HIGH-RISK] | [checkup],doctor 2 [HIGH-RISK] | touch [HIGH-RISK] | private [HIGH-RISK] | healthy [HIGH-RISK],medium,medium,age_appropriate_body_education,age_appropriate_body_education
item_008,ex_008,1,8,"If a student has questions about body changes, they should ask a trusted adult or health teacher.",Version B,gallery(1).html,Version A,gallery.html,body 1 [HIGH-RISK] | ask 2 [HIGH-RISK] | [trusted adult] | national health clinic [HIGH-RISK],student [HIGH-RISK] | body 1 [HIGH-RISK] | ask 2 [HIGH-RISK] | talk child to adult [HIGH-RISK] | national health clinic [HIGH-RISK],low,low,age_appropriate_body_education,age_appropriate_body_education
item_009,ex_009,1,9,Health lessons about body parts should use respectful and age-appropriate language.,Version A,gallery.html,Version B,gallery(1).html,Mathematics lessons [HIGH-RISK] | parts [HIGH-RISK] | understand language [HIGH-RISK],write lesson [HIGH-RISK] | parts [HIGH-RISK] | understand language [HIGH-RISK] | [age-appropriate],low,low,age_appropriate_body_education,age_appropriate_body_education
item_010,ex_010,1,10,Students should know the correct names for body parts for safety and health communication.,Version B,gallery(1).html,Version A,gallery.html,parts [HIGH-RISK] | [names] | [safety] | national health clinic [HIGH-RISK],[correct names] | parts [HIGH-RISK] | safety belt touch [HIGH-RISK] | Communication board [HIGH-RISK],low,low,age_appropriate_body_education,age_appropriate_body_education
item_011,ex_011,2,1,"If someone touches a private part without permission, tell a safe adult right away.",Version A,gallery.html,Version B,gallery(1).html,touch [HIGH-RISK] | part [HIGH-RISK] | to speak without listening [HIGH-RISK] | test tell answer [HIGH-RISK] | adult [HIGH-RISK] | right [HIGH-RISK],private [HIGH-RISK] | don't touch! [HIGH-RISK] | [safe adult] | test tell answer [HIGH-RISK],high,medium,age_appropriate_body_education,age_appropriate_body_education
item_012,ex_012,2,2,A student who feels unsafe should tell the teacher or counselor immediately.,Version B,gallery(1).html,Version A,gallery.html,open [HIGH-RISK] | test tell answer [HIGH-RISK] | teacher [HIGH-RISK] | counsellor (female) [HIGH-RISK] | to come near [HIGH-RISK],student [HIGH-RISK] | to feel sick 1 [HIGH-RISK] | test tell answer [HIGH-RISK] | teacher [HIGH-RISK] | counselor [HIGH-RISK] | to come near [HIGH-RISK],medium,medium,none,high_risk_support
item_013,ex_013,2,3,"If there is bleeding, get help from the nurse now.",Version B,gallery(1).html,Version A,gallery.html,[bleeding] | nurse [HIGH-RISK] | help [HIGH-RISK] | now [HIGH-RISK],[bleeding] | seek help [HIGH-RISK] | nurse [HIGH-RISK] | now [HIGH-RISK],medium,medium,age_appropriate_body_education,age_appropriate_body_education
item_014,ex_014,2,4,"If someone faints in class, call the nurse and stay with the student.",Version B,gallery(1).html,Version A,gallery.html,fruit [HIGH-RISK] | classroom help round [HIGH-RISK] | call [HIGH-RISK] | Student [HIGH-RISK],wrinkled [HIGH-RISK] | classroom help round | call | Nurse | fire stay calm 1 | student,medium,low,none,none
item_015,ex_015,2,5,"If a student says they cannot breathe well, get an adult immediately.",Version B,gallery(1).html,Version A,gallery.html,chest 1 [HIGH-RISK] | to get angry with [HIGH-RISK] | now [HIGH-RISK],student [HIGH-RISK] | burn [HIGH-RISK] | adult [HIGH-RISK] | date [HIGH-RISK],high,high,high_risk_support,high_risk_support
item_016,ex_016,2,6,"If there is chest pain, the student should go to the nurse right away.",Version A,gallery.html,Version B,gallery(1).html,chest pain [HIGH-RISK] | student [HIGH-RISK] | go to the bathroom [HIGH-RISK] | right [HIGH-RISK],chest pain [HIGH-RISK] | school [HIGH-RISK] | now [HIGH-RISK],low,medium,age_appropriate_body_education,age_appropriate_body_education
item_017,ex_017,2,7,"If someone falls and hits their head, get adult help now.",Version B,gallery(1).html,Version A,gallery.html,[fall] | head [HIGH-RISK] | help 4 [HIGH-RISK] | now [HIGH-RISK],fall [HIGH-RISK] | head [HIGH-RISK] | adult [HIGH-RISK] | now [HIGH-RISK],medium,medium,age_appropriate_body_education,age_appropriate_body_education
item_018,ex_018,2,8,"If a student says they are hurt in a private area, respond calmly and get trained support.",Version B,gallery(1).html,Version A,gallery.html,Student [HIGH-RISK] | private [HIGH-RISK] | fire stay calm 1 [HIGH-RISK] | help 2 [HIGH-RISK],student [HIGH-RISK] | hurt [HIGH-RISK] | private [HIGH-RISK] | listener [HIGH-RISK] | support teacher [HIGH-RISK],high,high,high_risk_support,high_risk_support
item_019,ex_019,2,9,"If a student reports inappropriate touching, contact the designated safeguarding adult immediately.",Version B,gallery(1).html,Version A,gallery.html,student [HIGH-RISK] | touching intimate female [HIGH-RISK] | write [HIGH-RISK] | adults 1 [HIGH-RISK] | eye contact [HIGH-RISK],student [HIGH-RISK] | write [HIGH-RISK] | intimate touching [HIGH-RISK] | eye contact [HIGH-RISK] | adult [HIGH-RISK] | date [HIGH-RISK],high,high,high_risk_support,high_risk_support
item_020,ex_020,2,10,"If a student looks very distressed after an interaction, check safety before continuing class.",Version A,gallery.html,Version B,gallery(1).html,student [HIGH-RISK] | dishevelled 3 [HIGH-RISK] | wait [HIGH-RISK] | Check Mark [HIGH-RISK] | class sit [HIGH-RISK],student | dishevelled 3 [HIGH-RISK] | Check Mark | class sit,medium,low,none,none
item_021,ex_021,3,1,A safety lesson should explain what to do if a student feels scared to go home.,Version B,gallery(1).html,Version A,gallery.html,write lesson [HIGH-RISK] | ashamed 4 [HIGH-RISK] | Home [HIGH-RISK] | what program do you want to watch [HIGH-RISK],write lesson [HIGH-RISK] | student [HIGH-RISK] | closed [HIGH-RISK] | Home [HIGH-RISK],medium,high,high_risk_support,high_risk_support
item_022,ex_022,3,2,Teachers should respond quickly if a student says someone hurt them.,Version A,gallery.html,Version B,gallery(1).html,teacher [HIGH-RISK] | to answer 1 [HIGH-RISK] | student [HIGH-RISK] | say goodbye sad [HIGH-RISK] | angry at someone [HIGH-RISK],teacher [HIGH-RISK] | student [HIGH-RISK] | hurt [HIGH-RISK] | test tell answer [HIGH-RISK] | answer [HIGH-RISK] | help [HIGH-RISK],high,high,high_risk_support,high_risk_support
item_023,ex_023,3,3,Emergency procedures should be explained clearly and calmly.,Version B,gallery(1).html,Version A,gallery.html,door-gate [HIGH-RISK] | write [HIGH-RISK] | close | calm,emergency exit | write [HIGH-RISK] | match [HIGH-RISK] | to silence 1 [HIGH-RISK],low,low,none,none
item_024,ex_024,3,4,Students should know who to tell if they feel unsafe at school.,Version B,gallery(1).html,Version A,gallery.html,open [HIGH-RISK] | test tell answer [HIGH-RISK] | human (man) [HIGH-RISK] | school [HIGH-RISK],Students [HIGH-RISK] | test tell answer [HIGH-RISK] | to feel sick 1 [HIGH-RISK] | school [HIGH-RISK],medium,medium,none,none
item_025,ex_025,3,5,"During health instruction, body-safety rules should be stated clearly.",Version B,gallery(1).html,Version A,gallery.html,maths class [HIGH-RISK] | body 1 [HIGH-RISK] | [clear],national health clinic [HIGH-RISK] | safety belt touch [HIGH-RISK] | regional state 32 [HIGH-RISK],low,low,age_appropriate_body_education,age_appropriate_body_education
item_026,ex_026,3,6,A student should never be forced to talk about private body issues in front of peers.,Version B,gallery(1).html,Version A,gallery.html,student [HIGH-RISK] | language do not understand [HIGH-RISK] | private [HIGH-RISK] | talk [HIGH-RISK] | [peers/classmates],student [HIGH-RISK] | do not lie [HIGH-RISK] | talk [HIGH-RISK] | private [HIGH-RISK] | front body [HIGH-RISK],medium,medium,age_appropriate_body_education,age_appropriate_body_education
item_027,ex_027,3,7,Sensitive anatomy instruction should be paired with respectful adult supervision.,Version B,gallery(1).html,Version A,gallery.html,write lesson [HIGH-RISK] | [adult supervision] | [respect],clips [HIGH-RISK] | adult [HIGH-RISK],medium,medium,age_appropriate_body_education,age_appropriate_body_education
item_028,ex_028,3,8,Lessons about consent should explain safe and unsafe touch.,Version A,gallery.html,Version B,gallery(1).html,[consent] | to touch [HIGH-RISK] | touch unwanted [HIGH-RISK],[consent] | don't touch! [HIGH-RISK] | don't touch! [HIGH-RISK],medium,medium,age_appropriate_body_education,age_appropriate_body_education
item_029,ex_029,3,9,Students should learn how to ask for help when something feels wrong.,Version B,gallery(1).html,Version A,gallery.html,ask for help | right or wrong,can i help you | feelings 5 [HIGH-RISK],low,low,none,none
item_030,ex_030,3,10,A classroom safety plan should include what to do when someone is injured.,Version A,gallery.html,Version B,gallery(1).html,classroom help round | Person,social intervention team 1 [HIGH-RISK] | Person | help 4,low,low,none,none
item_031,ex_031,4,1,"If a student says they want to hurt themselves, get help immediately.",Version B,gallery(1).html,Version A,gallery.html,student [HIGH-RISK] | self - steem [HIGH-RISK] | seek help [HIGH-RISK] | to come near [HIGH-RISK],student [HIGH-RISK] | say goodbye sad [HIGH-RISK] | self-image strong [HIGH-RISK] | seek help [HIGH-RISK] | date [HIGH-RISK],high,high,high_risk_support,high_risk_support
item_032,ex_032,4,2,"If a student says they want to hurt another person, do not leave them alone.",Version A,gallery.html,Version B,gallery(1).html,student [HIGH-RISK] | say goodbye sad [HIGH-RISK] | touch another [HIGH-RISK] | do not lie [HIGH-RISK],student [HIGH-RISK] | angry at someone [HIGH-RISK] | Student [HIGH-RISK],high,high,high_risk_support,high_risk_support
item_033,ex_033,4,3,A teacher should treat any threat of serious harm as urgent.,Version B,gallery(1).html,Version A,gallery.html,teacher [HIGH-RISK] | break [HIGH-RISK] | injury [HIGH-RISK] | help [HIGH-RISK],teacher [HIGH-RISK] | harm [HIGH-RISK] | call [HIGH-RISK],high,high,high_risk_support,high_risk_support
item_034,ex_034,4,4,"If a student reports bullying with threats, the report should be addressed immediately.",Version B,gallery(1).html,Version A,gallery.html,homework [HIGH-RISK] | match [HIGH-RISK] | medical report [HIGH-RISK] | social intervention team 1 [HIGH-RISK],student [HIGH-RISK] | medical report [HIGH-RISK] | counselor [HIGH-RISK] | break [HIGH-RISK] | address book [HIGH-RISK],high,high,high_risk_support,high_risk_support
item_035,ex_035,4,5,"If a weapon is mentioned, school safety procedures should begin at once.",Version A,gallery.html,Version B,gallery(1).html,General [HIGH-RISK] | fire station [HIGH-RISK] | wait 1 [HIGH-RISK],body [HIGH-RISK] | school [HIGH-RISK] | to come near [HIGH-RISK],high,high,high_risk_support,high_risk_support
item_036,ex_036,4,6,"If a student reports online sexual messages, an adult should intervene immediately.",Version B,gallery(1).html,Version A,gallery.html,student [HIGH-RISK] | open [HIGH-RISK] | body massage [HIGH-RISK] | male [HIGH-RISK] | now [HIGH-RISK],student [HIGH-RISK] | medical report [HIGH-RISK] | safes [HIGH-RISK] | adult [HIGH-RISK] | help [HIGH-RISK] | date [HIGH-RISK],high,high,high_risk_support,high_risk_support
item_037,ex_037,4,7,A counselor should be informed when a student reports abuse or fear at home.,Version B,gallery(1).html,Version A,gallery.html,counsellor (female) [HIGH-RISK] | student [HIGH-RISK] | test tell answer [HIGH-RISK] | break [HIGH-RISK] | sadness [HIGH-RISK] | Home [HIGH-RISK],counselor [HIGH-RISK] | write [HIGH-RISK] | student [HIGH-RISK] | medical report [HIGH-RISK] | take away 1 [HIGH-RISK] | eye [HIGH-RISK] | Home [HIGH-RISK],high,high,high_risk_support,high_risk_support
item_038,ex_038,4,8,"If a student says they are not safe with a caregiver, escalate the concern immediately.",Version A,gallery.html,Version B,gallery(1).html,student [HIGH-RISK] | Not Quite [HIGH-RISK] | counselor [HIGH-RISK] | to grow larger [HIGH-RISK] | date [HIGH-RISK],student [HIGH-RISK] | counsellor (female) [HIGH-RISK] | open [HIGH-RISK] | medical report [HIGH-RISK],high,high,high_risk_support,high_risk_support
item_039,ex_039,4,9,Sensitive health content should not be illustrated with explicit or inappropriate images.,Version A,gallery.html,Version B,gallery(1).html,national health clinic [HIGH-RISK] | do not lie [HIGH-RISK] | or [HIGH-RISK],national health clinic [HIGH-RISK] | no [HIGH-RISK],low,low,age_appropriate_body_education,age_appropriate_body_education
item_040,ex_040,4,10,"When discussing reproductive anatomy, use reviewed educational symbols and text.",Version B,gallery(1).html,Version A,gallery.html,clips [HIGH-RISK] | [approved symbols] | [text],clips [HIGH-RISK] | touch [HIGH-RISK] | [reviewed educational symbols] | [text],medium,medium,age_appropriate_body_education,age_appropriate_body_education
item_041,ex_041,5,1,I am hurt.,Version A,gallery.html,Version B,gallery(1).html,i | hurt,i [HIGH-RISK] | hurt [HIGH-RISK],low,medium,none,none
item_042,ex_042,5,2,I am bleeding.,Version A,gallery.html,Version B,gallery(1).html,i [HIGH-RISK] | break [HIGH-RISK],break [HIGH-RISK],high,high,high_risk_support,high_risk_support
item_043,ex_043,5,3,I need the nurse now.,Version B,gallery(1).html,Version A,gallery.html,Nurse | now,need toilet | Nurse | now,low,low,none,none
item_044,ex_044,5,4,Someone hit me.,Version A,gallery.html,Version B,gallery(1).html,angry at someone [HIGH-RISK] | me neither! [HIGH-RISK],angry at someone [HIGH-RISK] | hit 5 [HIGH-RISK] | me neither! [HIGH-RISK],high,high,high_risk_support,high_risk_support
item_045,ex_045,5,5,I am not safe.,Version A,gallery.html,Version B,gallery(1).html,self-image strong [HIGH-RISK] | safe [HIGH-RISK],open [HIGH-RISK] | help [HIGH-RISK],high,high,high_risk_support,high_risk_support
item_046,ex_046,5,6,I need help now.,Version A,gallery.html,Version B,gallery(1).html,help | now,help | now,low,low,none,none
item_047,ex_047,5,7,Do not touch me there.,Version A,gallery.html,Version B,gallery(1).html,do not lie [HIGH-RISK] | touch unwanted [HIGH-RISK] | me neither! [HIGH-RISK] | Who's there [HIGH-RISK],No [HIGH-RISK] | don't touch! [HIGH-RISK] | me neither! [HIGH-RISK] | Who's there [HIGH-RISK],medium,high,age_appropriate_body_education,high_risk_support
item_048,ex_048,5,8,My private parts hurt.,Version A,gallery.html,Version B,gallery(1).html,i [HIGH-RISK] | neck [HIGH-RISK] | pain [HIGH-RISK],private [HIGH-RISK] | pain [HIGH-RISK],medium,medium,age_appropriate_body_education,age_appropriate_body_education
item_049,ex_049,5,9,I am scared to go home.,Version B,gallery(1).html,Version A,gallery.html,ashamed 4 [HIGH-RISK] | Home [HIGH-RISK],i [HIGH-RISK] | sad [HIGH-RISK] | to reside 1 [HIGH-RISK],high,medium,high_risk_support,high_risk_support
item_050,ex_050,5,10,Someone touched me.,Version B,gallery(1).html,Version A,gallery.html,Person [HIGH-RISK] | don't touch! [HIGH-RISK] | me neither! [HIGH-RISK],angry at someone [HIGH-RISK] | touch [HIGH-RISK] | me neither! [HIGH-RISK],high,high,high_risk_support,high_risk_support
item_051,ex_051,6,1,I need a safe adult.,Version A,gallery.html,Version B,gallery(1).html,i [HIGH-RISK] | need toilet [HIGH-RISK] | adult [HIGH-RISK],adults 1 [HIGH-RISK] | help [HIGH-RISK],medium,high,age_appropriate_body_education,high_risk_support
item_052,ex_052,6,2,I want the counselor.,Version B,gallery(1).html,Version A,gallery.html,counsellor (female) [HIGH-RISK] | to want,i | to want | counselor,low,low,none,none
item_053,ex_053,6,3,I cannot breathe well.,Version A,gallery.html,Version B,gallery(1).html,i [HIGH-RISK] | burn [HIGH-RISK],chest 1 [HIGH-RISK],high,high,high_risk_support,high_risk_support
item_054,ex_054,6,4,My chest hurts.,Version B,gallery(1).html,Version A,gallery.html,medicine chest [HIGH-RISK] | pain [HIGH-RISK],happy 2 [HIGH-RISK] | medicine chest | hurt,medium,low,age_appropriate_body_education,none
item_055,ex_055,6,5,My head hurts after I fell.,Version A,gallery.html,Version B,gallery(1).html,head [HIGH-RISK] | pain [HIGH-RISK] | fall [HIGH-RISK],head [HIGH-RISK] | pain [HIGH-RISK] | Follow Fall Back [HIGH-RISK],low,medium,age_appropriate_body_education,none
item_056,ex_056,6,6,I think I am in danger.,Version A,gallery.html,Version B,gallery(1).html,i [HIGH-RISK] | break [HIGH-RISK],break [HIGH-RISK],high,high,high_risk_support,high_risk_support
item_057,ex_057,6,7,I feel unsafe with that person.,Version B,gallery(1).html,Version A,gallery.html,open [HIGH-RISK] | Person [HIGH-RISK],i [HIGH-RISK] | to feel sick 1 [HIGH-RISK] | Person [HIGH-RISK],high,high,high_risk_support,high_risk_support
item_058,ex_058,6,8,I need to leave this room now.,Version B,gallery(1).html,Version A,gallery.html,wait [HIGH-RISK] | art room | now,i | need toilet | break | art room | now,low,low,none,none
item_059,ex_059,6,9,Someone is threatening me online.,Version A,gallery.html,Version B,gallery(1).html,angry at someone [HIGH-RISK] | to make angry 2 [HIGH-RISK] | self-image strong [HIGH-RISK] | open [HIGH-RISK],break [HIGH-RISK] | open [HIGH-RISK],high,high,high_risk_support,high_risk_support
item_060,ex_060,6,10,I saw a weapon.,Version A,gallery.html,Version B,gallery(1).html,i [HIGH-RISK] | to see 2 [HIGH-RISK] | General [HIGH-RISK],to see 2 [HIGH-RISK] | body [HIGH-RISK],high,high,high_risk_support,high_risk_support
item_061,ex_061,7,1,I want to hurt myself.,Version A,gallery.html,Version B,gallery(1).html,i [HIGH-RISK] | to want [HIGH-RISK] | hurt oneself [HIGH-RISK],hurt oneself [HIGH-RISK],high,high,high_risk_support,high_risk_support
item_062,ex_062,7,2,I want to die.,Version B,gallery(1).html,Version A,gallery.html,to cut oneself [HIGH-RISK] | help [HIGH-RISK],i [HIGH-RISK] | to want [HIGH-RISK] | die (singular) dice (plural) [HIGH-RISK],high,high,high_risk_support,high_risk_support
item_063,ex_063,7,3,My friend wants to die.,Version A,gallery.html,Version B,gallery(1).html,friend [HIGH-RISK] | hands [HIGH-RISK],friend [HIGH-RISK] | die (singular) dice (plural) [HIGH-RISK],high,high,high_risk_support,high_risk_support
item_064,ex_064,7,4,My friend wants to hurt themself.,Version A,gallery.html,Version B,gallery(1).html,friend [HIGH-RISK] | to want [HIGH-RISK] | self-image strong [HIGH-RISK],friend [HIGH-RISK] | self - steem [HIGH-RISK],high,high,high_risk_support,high_risk_support
item_065,ex_065,7,5,Please stay with me.,Version A,gallery.html,Version B,gallery(1).html,fire stay calm 1 | me neither!,fire stay calm 1 | me neither!,low,low,none,none
item_066,ex_066,7,6,Please call for help.,Version B,gallery(1).html,Version A,gallery.html,call [HIGH-RISK] | help [HIGH-RISK],call | help,medium,low,none,none
item_067,ex_067,7,7,I need privacy and support.,Version A,gallery.html,Version B,gallery(1).html,need toilet | break [HIGH-RISK] | support teacher,break [HIGH-RISK] | support teacher,low,low,none,none
item_068,ex_068,7,8,I need to talk to a safe adult.,Version A,gallery.html,Version B,gallery(1).html,need toilet [HIGH-RISK] | talk [HIGH-RISK] | saddles 1 [HIGH-RISK],talk [HIGH-RISK] | adults 1 [HIGH-RISK],medium,high,high_risk_support,high_risk_support
item_069,ex_069,7,9,This is an emergency.,Version A,gallery.html,Version B,gallery(1).html,emergency exit [HIGH-RISK],help [HIGH-RISK],high,high,high_risk_support,high_risk_support
item_070,ex_070,7,10,Please do not tell the whole class.,Version B,gallery(1).html,Version A,gallery.html,test tell answer | class sit,please | do not lie | test tell answer | Whole,low,low,none,none
item_071,ex_071,8,1,A student posted that they want to kill themselves after school.,Version B,gallery(1).html,Version A,gallery.html,student [HIGH-RISK] | to cut oneself [HIGH-RISK] | school [HIGH-RISK],student [HIGH-RISK] | post office [HIGH-RISK] | hands [HIGH-RISK] | school [HIGH-RISK],high,high,high_risk_support,high_risk_support
item_072,ex_072,8,2,A classmate said they plan to hurt another student.,Version B,gallery(1).html,Version A,gallery.html,student 2 [HIGH-RISK] | hurt oneself [HIGH-RISK] | student 2 [HIGH-RISK],student 2 [HIGH-RISK] | hurt oneself [HIGH-RISK] | touch another [HIGH-RISK],high,high,high_risk_support,high_risk_support
item_073,ex_073,8,3,Someone sent threatening messages to a student online.,Version B,gallery(1).html,Version A,gallery.html,to make angry 3 [HIGH-RISK] | student [HIGH-RISK] | open [HIGH-RISK],angry at someone [HIGH-RISK] | write [HIGH-RISK] | email [HIGH-RISK] | student [HIGH-RISK] | open [HIGH-RISK],high,high,high_risk_support,high_risk_support
item_074,ex_074,8,4,A student reported sexual messages from an older person.,Version B,gallery(1).html,Version A,gallery.html,student [HIGH-RISK] | body massage [HIGH-RISK] | Person [HIGH-RISK] | medical report [HIGH-RISK],student [HIGH-RISK] | medical report [HIGH-RISK] | body massage [HIGH-RISK] | Person [HIGH-RISK],high,high,high_risk_support,high_risk_support
item_075,ex_075,8,5,A student said they were touched in a way that felt wrong.,Version A,gallery.html,Version B,gallery(1).html,touch [HIGH-RISK] | wrong [HIGH-RISK],student [HIGH-RISK] | don't touch! [HIGH-RISK] | right or wrong [HIGH-RISK],high,high,high_risk_support,high_risk_support
item_076,ex_076,8,6,A student wrote that they are afraid to go home tonight.,Version A,gallery.html,Version B,gallery(1).html,sadness [HIGH-RISK] | home 1 [HIGH-RISK] | match [HIGH-RISK],ashamed 4 [HIGH-RISK] | Home [HIGH-RISK] | match [HIGH-RISK],high,high,high_risk_support,high_risk_support
item_077,ex_077,8,7,A student reported being hit by a caregiver.,Version A,gallery.html,Version B,gallery(1).html,student [HIGH-RISK] | medical report [HIGH-RISK] | hit 5 [HIGH-RISK] | counselor [HIGH-RISK],student [HIGH-RISK] | counsellor (female) [HIGH-RISK] | hit 5 [HIGH-RISK],high,high,high_risk_support,high_risk_support
item_078,ex_078,8,8,A student said someone keeps asking for private pictures.,Version B,gallery(1).html,Version A,gallery.html,student [HIGH-RISK] | angry at someone [HIGH-RISK] | asking for help [HIGH-RISK] | pictures [HIGH-RISK],student [HIGH-RISK] | angry at someone [HIGH-RISK] | asking for help [HIGH-RISK] | pictures [HIGH-RISK],high,high,high_risk_support,high_risk_support
item_079,ex_079,8,9,A student wrote that they feel hopeless and want everything to end.,Version A,gallery.html,Version B,gallery(1).html,sadness [HIGH-RISK] | harm [HIGH-RISK],sadness [HIGH-RISK] | to want [HIGH-RISK],high,high,high_risk_support,high_risk_support
item_080,ex_080,8,10,A student said they do not want to be alive anymore.,Version A,gallery.html,Version B,gallery(1).html,student [HIGH-RISK] | say goodbye sad [HIGH-RISK] | hands [HIGH-RISK],student [HIGH-RISK] | I do not want [HIGH-RISK],high,high,high_risk_support,high_risk_support
item_081,ex_081,9,1,A student described being threatened in the hallway.,Version A,gallery.html,Version B,gallery(1).html,student [HIGH-RISK] | to make angry 3 [HIGH-RISK] | bathroom [HIGH-RISK],student [HIGH-RISK] | break [HIGH-RISK] | bathroom [HIGH-RISK],high,high,high_risk_support,high_risk_support
item_082,ex_082,9,2,A student reported repeated bullying with threats of violence.,Version A,gallery.html,Version B,gallery(1).html,student [HIGH-RISK] | medical report [HIGH-RISK] | odd 2 [HIGH-RISK] | counselor [HIGH-RISK] | thinking of suicide [HIGH-RISK],homework [HIGH-RISK] | break [HIGH-RISK] | wars [HIGH-RISK],high,high,high_risk_support,high_risk_support
item_083,ex_083,9,3,A student said someone shared explicit pictures at school.,Version B,gallery(1).html,Version A,gallery.html,pictures [HIGH-RISK] | open [HIGH-RISK] | school [HIGH-RISK],angry at someone [HIGH-RISK] | write [HIGH-RISK] | pictures [HIGH-RISK] | school [HIGH-RISK],high,high,high_risk_support,high_risk_support
item_084,ex_084,9,4,A student reported fear after being followed by another student.,Version A,gallery.html,Version B,gallery(1).html,student [HIGH-RISK] | medical report [HIGH-RISK] | sadness [HIGH-RISK] | last 1 [HIGH-RISK] | touch another [HIGH-RISK],student [HIGH-RISK] | hurt [HIGH-RISK] | last 1 [HIGH-RISK] | student 2 [HIGH-RISK],high,medium,high_risk_support,high_risk_support
item_085,ex_085,9,5,A student said they are being pressured to do sexual things.,Version A,gallery.html,Version B,gallery(1).html,student [HIGH-RISK] | counselor [HIGH-RISK] | adult [HIGH-RISK],not calm under pressure [HIGH-RISK] | high [HIGH-RISK],high,high,high_risk_support,high_risk_support
item_086,ex_086,9,6,A student said they were locked in a room at home.,Version A,gallery.html,Version B,gallery(1).html,student [HIGH-RISK] | bathroom door locked [HIGH-RISK] | art room [HIGH-RISK] | Home [HIGH-RISK],student [HIGH-RISK] | bathroom door locked [HIGH-RISK] | art room [HIGH-RISK] | Home [HIGH-RISK],high,high,high_risk_support,high_risk_support
item_087,ex_087,9,7,A student wrote that no adult believes them about being hurt.,Version B,gallery(1).html,Version A,gallery.html,student [HIGH-RISK] | male [HIGH-RISK] | hurt [HIGH-RISK] | extra work not happy [HIGH-RISK],student [HIGH-RISK] | No [HIGH-RISK] | hurt [HIGH-RISK],high,high,high_risk_support,high_risk_support
item_088,ex_088,9,8,A student said they might hurt themselves after class.,Version A,gallery.html,Version B,gallery(1).html,student [HIGH-RISK] | harm [HIGH-RISK] | maths class [HIGH-RISK],student [HIGH-RISK] | self - steem [HIGH-RISK] | maths class [HIGH-RISK],high,high,high_risk_support,high_risk_support
item_089,ex_089,9,9,A student said another person might bring a weapon tomorrow.,Version A,gallery.html,Version B,gallery(1).html,student [HIGH-RISK] | write [HIGH-RISK] | touch another [HIGH-RISK] | to have [HIGH-RISK] | break [HIGH-RISK] | General [HIGH-RISK] | time [HIGH-RISK],angry at someone [HIGH-RISK] | to have [HIGH-RISK] | break [HIGH-RISK] | body [HIGH-RISK] | time [HIGH-RISK],high,high,high_risk_support,high_risk_support
item_090,ex_090,9,10,A student wrote that they feel trapped and unsafe.,Version B,gallery(1).html,Version A,gallery.html,to squeeze 1 [HIGH-RISK] | open [HIGH-RISK],to feel sick 1 [HIGH-RISK] | safe [HIGH-RISK],high,high,high_risk_support,high_risk_support
item_091,ex_091,10,1,A student said someone keeps touching their body without permission.,Version A,gallery.html,Version B,gallery(1).html,Person [HIGH-RISK] | touch [HIGH-RISK] | body [HIGH-RISK] | No [HIGH-RISK],touching intimate female [HIGH-RISK] | No [HIGH-RISK],high,high,high_risk_support,high_risk_support
item_092,ex_092,10,2,A student reported that a friend is talking about suicide.,Version B,gallery(1).html,Version A,gallery.html,friend [HIGH-RISK] | to cut oneself [HIGH-RISK],friend [HIGH-RISK] | talk [HIGH-RISK] | suicide 1 [HIGH-RISK],high,high,high_risk_support,high_risk_support
item_093,ex_093,10,3,A student said they feel panic and cannot stay safe alone.,Version A,gallery.html,Version B,gallery(1).html,help [HIGH-RISK] | fire stay calm [HIGH-RISK] | alone 1 [HIGH-RISK],sad [HIGH-RISK] | alone 1 [HIGH-RISK] | I need help [HIGH-RISK],high,high,high_risk_support,high_risk_support
item_094,ex_094,10,4,A student reported coercive sexual language in a group chat.,Version B,gallery(1).html,Version A,gallery.html,medical report [HIGH-RISK] | female lawyer [HIGH-RISK] | group conversation [HIGH-RISK],student [HIGH-RISK] | medical report [HIGH-RISK] | understand language [HIGH-RISK] | chat [HIGH-RISK],high,high,high_risk_support,high_risk_support
item_095,ex_095,10,5,A student said they are afraid of a specific adult.,Version B,gallery(1).html,Version A,gallery.html,student [HIGH-RISK] | ashamed 4 [HIGH-RISK] | male [HIGH-RISK],student [HIGH-RISK] | ashamed 4 [HIGH-RISK] | adult [HIGH-RISK],high,medium,high_risk_support,high_risk_support
item_096,ex_096,10,6,A student wrote that they are being blackmailed with images.,Version B,gallery(1).html,Version A,gallery.html,student [HIGH-RISK] | to give money to beggars 1 [HIGH-RISK] | write [HIGH-RISK],student [HIGH-RISK] | to give money to beggars 1 [HIGH-RISK] | write [HIGH-RISK],high,high,high_risk_support,high_risk_support
item_097,ex_097,10,7,A student reported threats related to their identity.,Version B,gallery(1).html,Version A,gallery.html,student [HIGH-RISK] | match [HIGH-RISK] | body [HIGH-RISK],student [HIGH-RISK] | medical report [HIGH-RISK] | break [HIGH-RISK] | body [HIGH-RISK],high,high,high_risk_support,high_risk_support
item_098,ex_098,10,8,A student said they were forced to hide an injury.,Version B,gallery(1).html,Version A,gallery.html,student [HIGH-RISK] | help [HIGH-RISK] | help [HIGH-RISK] | injury [HIGH-RISK],student [HIGH-RISK] | counselor [HIGH-RISK] | help [HIGH-RISK] | injury [HIGH-RISK],high,high,high_risk_support,high_risk_support
item_099,ex_099,10,9,A student said they are scared because someone knows where they live.,Version A,gallery.html,Version B,gallery(1).html,ashamed 4 [HIGH-RISK] | angry at someone [HIGH-RISK] | to know [HIGH-RISK] | supported employment where [HIGH-RISK],ashamed 4 [HIGH-RISK] | angry at someone [HIGH-RISK] | address book [HIGH-RISK] | supported employment where [HIGH-RISK],high,high,high_risk_support,high_risk_support
item_100,ex_100,10,10,A student reported an emergency and asked for immediate adult help.,Version B,gallery(1).html,Version A,gallery.html,help [HIGH-RISK] | help [HIGH-RISK] | male [HIGH-RISK] | now [HIGH-RISK],emergency exit [HIGH-RISK] | date [HIGH-RISK] | adult [HIGH-RISK],high,high,high_risk_support,high_risk_support
